target,backend,model,think,bench,score,halls,json_fail,tok_s,prefill_tps,vram_mib,ctx_loaded,oom_ceiling,coherence_ceiling,status,wall_s,notes
rose,vulkan,Qwen3-Coder-30B-A3B-Instruct-UD-Q4_K_XL,-,maxctx,79872,-,-,-,-,20343,79872,79872,79872,ok,-,
rose,vulkan,Qwen3-Coder-30B-A3B-Instruct-UD-Q4_K_XL,n/a,triage,89.7,6,0,128.3,-,19819,59392,63488,59392,ok,27,
rose,vulkan,Qwen3-Coder-30B-A3B-Instruct-UD-Q4_K_XL,n/a,toolcalling,90.0,-,-,-,-,19813,59392,63488,59392,ok,5,
rose,vulkan,Qwen3-Coder-30B-A3B-Instruct-UD-Q4_K_XL,n/a,docqa,10.00,0,-,-,-,19813,59392,63488,59392,ok,10,
rose,vulkan,Qwen3-Coder-30B-A3B-Instruct-UD-Q4_K_XL,n/a,summarization,77.8,-,-,-,-,19813,59392,63488,59392,ok,4,
rose,vulkan,Qwen3-Coder-30B-A3B-Instruct-UD-Q4_K_XL,n/a,speed_short,134.1,-,-,134.1,260.3,17926,16384,16384,16384,ok,-,prefill_tps=260.3
rose,vulkan,Qwen3-Coder-30B-A3B-Instruct-UD-Q4_K_XL,n/a,speed_long-32k,128.3,-,-,128.3,391.3,17926,16384,16384,16384,ok,-,prefill_tps=391.3
rose,vulkan,Qwen3-30B-A3B-Instruct-2507-UD-Q4_K_XL,-,maxctx,79872,-,-,-,-,20366,79872,79872,79872,ok,-,
rose,vulkan,Qwen3-30B-A3B-Instruct-2507-UD-Q4_K_XL,n/a,triage,85.3,7,0,122.3,-,20044,63488,63488,63488,ok,30,
rose,vulkan,Qwen3-30B-A3B-Instruct-2507-UD-Q4_K_XL,n/a,reasoning,91.7,-,0,174.2,-,20045,63488,63488,63488,ok,2,
rose,vulkan,Qwen3-30B-A3B-Instruct-2507-UD-Q4_K_XL,n/a,toolcalling,100.0,-,-,-,-,20045,63488,63488,63488,ok,4,
rose,vulkan,Qwen3-30B-A3B-Instruct-2507-UD-Q4_K_XL,n/a,docqa,9.42,0,-,-,-,20045,63488,63488,63488,ok,8,
rose,vulkan,Qwen3-30B-A3B-Instruct-2507-UD-Q4_K_XL,n/a,summarization,68.9,-,-,-,-,20045,63488,63488,63488,ok,3,
rose,vulkan,Qwen3-30B-A3B-Instruct-2507-UD-Q4_K_XL,n/a,speed_short,134.3,-,-,134.3,258.5,17951,16384,16384,16384,ok,-,prefill_tps=258.5
rose,vulkan,Qwen3-30B-A3B-Instruct-2507-UD-Q4_K_XL,n/a,speed_long-32k,128.1,-,-,128.1,379.3,17951,16384,16384,16384,ok,-,prefill_tps=379.3
rose,vulkan,Qwen3-30B-A3B-Instruct-2507-IQ4_XS,-,maxctx,69632,-,-,-,-,19354,69632,69632,69632,ok,-,
rose,vulkan,Qwen3-30B-A3B-Instruct-2507-IQ4_XS,n/a,triage,85.3,7,0,112.9,-,17323,36864,38912,36864,ok,33,
rose,vulkan,Qwen3-30B-A3B-Instruct-2507-IQ4_XS,n/a,reasoning,83.3,-,0,143.7,-,17319,36864,38912,36864,ok,3,
rose,vulkan,Qwen3-30B-A3B-Instruct-2507-IQ4_XS,n/a,toolcalling,100.0,-,-,-,-,17319,36864,38912,36864,ok,7,
rose,vulkan,Qwen3-30B-A3B-Instruct-2507-IQ4_XS,n/a,docqa,9.25,0,-,-,-,17319,36864,38912,36864,ok,12,
rose,vulkan,Qwen3-30B-A3B-Instruct-2507-IQ4_XS,n/a,summarization,70.0,-,-,-,-,17319,36864,38912,36864,ok,5,
rose,vulkan,Qwen3-30B-A3B-Instruct-2507-IQ4_XS,n/a,speed_short,136.9,-,-,136.9,265.0,16494,16384,16384,16384,ok,-,prefill_tps=265.0
rose,vulkan,Qwen3-30B-A3B-Instruct-2507-IQ4_XS,n/a,speed_long-32k,129.3,-,-,129.3,363.4,16494,16384,16384,16384,ok,-,prefill_tps=363.4
rose,vulkan,Qwen3-14B-Q5_K_M,-,maxctx,30720,-,-,-,-,12251,30720,30720,30720,ok,-,
rose,vulkan,Qwen3-14B-Q5_K_M--nothi,no_think,triage,85.9,8,0,57.0,-,11567,22528,22528,22528,ok,55,
rose,vulkan,Qwen3-14B-Q5_K_M--nothi,no_think,reasoning,91.7,-,0,68.1,-,11563,22528,22528,22528,ok,3,
rose,vulkan,Qwen3-14B-Q5_K_M--nothi,no_think,toolcalling,100.0,-,-,-,-,11563,22528,22528,22528,ok,7,
rose,vulkan,Qwen3-14B-Q5_K_M--nothi,no_think,docqa,9.25,0,-,-,-,11563,22528,22528,22528,ok,17,
rose,vulkan,Qwen3-14B-Q5_K_M--nothi,no_think,summarization,92.2,-,-,-,-,11563,22528,22528,22528,ok,7,
rose,vulkan,Qwen3-14B-Q5_K_M--nothi,no_think,speed_short,60.1,-,-,60.1,245.6,11463,16384,16384,16384,ok,-,prefill_tps=245.6
rose,vulkan,Qwen3-14B-Q5_K_M--nothi,no_think,speed_long-32k,60.0,-,-,60.0,363.6,11463,16384,16384,16384,ok,-,prefill_tps=363.6
rose,vulkan,Qwen3-14B-Q5_K_M--think,think,triage,88.6,0,0,59.1,-,11567,22528,22528,22528,ok,164,
rose,vulkan,Qwen3-14B-Q5_K_M--think,think,reasoning,100.0,-,0,59.8,-,11563,22528,22528,22528,ok,107,
rose,vulkan,Qwen3-14B-Q5_K_M--think,think,speed_short,60.0,-,-,60.0,236.2,11463,16384,16384,16384,ok,-,prefill_tps=236.2
rose,vulkan,Qwen3-14B-Q5_K_M--think,think,speed_long-32k,60.0,-,-,60.0,364.5,11463,16384,16384,16384,ok,-,prefill_tps=364.5
rose,vulkan,Qwen3.6-35B-A3B-UD-IQ4_XS,-,maxctx,75776,-,-,-,-,19753,75776,75776,75776,ok,-,
rose,vulkan,Qwen3.6-35B-A3B-UD-IQ4_XS--nothi,no_think,triage,88.3,6,0,68.2,-,18711,51200,55296,51200,ok,55,
rose,vulkan,Qwen3.6-35B-A3B-UD-IQ4_XS--nothi,no_think,reasoning,100.0,-,0,82.8,-,18710,51200,55296,51200,ok,5,
rose,vulkan,Qwen3.6-35B-A3B-UD-IQ4_XS--nothi,no_think,toolcalling,100.0,-,-,-,-,18710,51200,55296,51200,ok,10,
rose,vulkan,Qwen3.6-35B-A3B-UD-IQ4_XS--nothi,no_think,docqa,8.08,0,-,-,-,18710,51200,55296,51200,ok,25,
rose,vulkan,Qwen3.6-35B-A3B-UD-IQ4_XS--nothi,no_think,summarization,71.1,-,-,-,-,18710,51200,55296,51200,ok,8,
rose,vulkan,Qwen3.6-35B-A3B-UD-IQ4_XS--nothi,no_think,speed_short,131.0,-,-,131.0,147.1,18542,16384,16384,16384,ok,-,prefill_tps=147.1
rose,vulkan,Qwen3.6-35B-A3B-UD-IQ4_XS--nothi,no_think,speed_long-32k,131.2,-,-,131.2,237.2,18542,16384,16384,16384,ok,-,prefill_tps=237.2
rose,vulkan,Qwen3.6-35B-A3B-UD-IQ4_XS--think,think,triage,89.4,0,0,80.5,-,18711,51200,55296,51200,ok,536,
rose,vulkan,Qwen3.6-35B-A3B-UD-IQ4_XS--think,think,reasoning,100.0,-,0,82.2,-,18710,51200,55296,51200,ok,125,
rose,vulkan,Qwen3.6-35B-A3B-UD-IQ4_XS--think,think,speed_short,121.2,-,-,121.2,147.1,18542,16384,16384,16384,ok,-,prefill_tps=147.1
rose,vulkan,Qwen3.6-35B-A3B-UD-IQ4_XS--think,think,speed_long-32k,126.2,-,-,126.2,237.0,18542,16384,16384,16384,ok,-,prefill_tps=237.0
rose,vulkan,gemma-4-E4B-it-Q8_0,-,maxctx,126976,-,-,-,-,5924,126976,126976,126976,ok,-,
rose,vulkan,gemma-4-E4B-it-Q8_0--nothi,no_think,triage,87.6,8,0,74.3,-,7042,104448,108544,104448,ok,84,
rose,vulkan,gemma-4-E4B-it-Q8_0--nothi,no_think,reasoning,75.0,-,0,86.1,-,7042,104448,108544,104448,ok,14,
rose,vulkan,gemma-4-E4B-it-Q8_0--nothi,no_think,docqa,8.08,0,-,-,-,7042,104448,108544,104448,ok,11,
rose,vulkan,gemma-4-E4B-it-Q8_0--nothi,no_think,speed_short,82.9,-,-,82.9,382.1,5733,16384,16384,16384,ok,-,prefill_tps=382.1
rose,vulkan,gemma-4-E4B-it-Q8_0--nothi,no_think,speed_long-32k,82.9,-,-,82.9,612.4,5733,16384,16384,16384,ok,-,prefill_tps=612.4
rose,vulkan,gemma-4-E4B-it-Q8_0--think,think,triage,88.3,0,0,81.2,-,7042,104448,108544,104448,ok,71,
rose,vulkan,gemma-4-E4B-it-Q8_0--think,think,reasoning,100.0,-,0,83.9,-,7042,104448,108544,104448,ok,54,
rose,vulkan,gemma-4-E4B-it-Q8_0--think,think,speed_short,82.8,-,-,82.8,379.3,5733,16384,16384,16384,ok,-,prefill_tps=379.3
rose,vulkan,gemma-4-E4B-it-Q8_0--think,think,speed_long-32k,82.7,-,-,82.7,610.7,5733,16384,16384,16384,ok,-,prefill_tps=610.7
rose,vulkan,gemma-4-E4B-it-Q5_K_M,-,maxctx,126976,-,-,-,-,4478,126976,126976,126976,ok,-,
rose,vulkan,gemma-4-E4B-it-Q5_K_M--nothi,no_think,triage,89.6,6,0,85.1,-,5464,104448,108544,104448,ok,39,
rose,vulkan,gemma-4-E4B-it-Q5_K_M--nothi,no_think,reasoning,91.7,-,0,103.1,-,5465,104448,108544,104448,ok,11,
rose,vulkan,gemma-4-E4B-it-Q5_K_M--nothi,no_think,docqa,8.83,0,-,-,-,5465,104448,108544,104448,ok,10,
rose,vulkan,gemma-4-E4B-it-Q5_K_M--nothi,no_think,speed_short,102.3,-,-,102.3,382.8,4155,16384,16384,16384,ok,-,prefill_tps=382.8
rose,vulkan,gemma-4-E4B-it-Q5_K_M--nothi,no_think,speed_long-32k,102.4,-,-,102.4,619.5,4155,16384,16384,16384,ok,-,prefill_tps=619.5
rose,vulkan,gemma-4-E4B-it-Q5_K_M--think,think,triage,88.3,0,0,97.0,-,5464,104448,108544,104448,ok,76,
rose,vulkan,gemma-4-E4B-it-Q5_K_M--think,think,reasoning,100.0,-,0,101.1,-,5465,104448,108544,104448,ok,43,
rose,vulkan,gemma-4-E4B-it-Q5_K_M--think,think,speed_short,108.5,-,-,108.5,387.4,4155,16384,16384,16384,ok,-,prefill_tps=387.4
rose,vulkan,gemma-4-E4B-it-Q5_K_M--think,think,speed_long-32k,102.1,-,-,102.1,622.0,4155,16384,16384,16384,ok,-,prefill_tps=622.0
rose,vulkan,gemma-4-26B-A4B-it-UD-Q4_K_M,-,maxctx,71680,-,-,-,-,17913,71680,71680,71680,ok,-,
rose,vulkan,gemma-4-26B-A4B-it-UD-Q4_K_M--nothi,no_think,triage,85.7,8,0,73.7,-,17696,30720,30720,30720,ok,47,
rose,vulkan,gemma-4-26B-A4B-it-UD-Q4_K_M--nothi,no_think,reasoning,100.0,-,0,84.7,-,17689,30720,30720,30720,ok,4,
rose,vulkan,gemma-4-26B-A4B-it-UD-Q4_K_M--nothi,no_think,docqa,8.25,0,-,-,-,17689,30720,30720,30720,ok,9,
rose,vulkan,gemma-4-26B-A4B-it-UD-Q4_K_M--nothi,no_think,speed_short,78.7,-,-,78.7,257.2,16953,16384,16384,16384,ok,-,prefill_tps=257.2
rose,vulkan,gemma-4-26B-A4B-it-UD-Q4_K_M--nothi,no_think,speed_long-32k,78.5,-,-,78.5,363.0,16953,16384,16384,16384,ok,-,prefill_tps=363.0
rose,vulkan,gemma-4-26B-A4B-it-UD-Q4_K_M--think,think,triage,90.0,0,0,82.4,-,17696,30720,30720,30720,ok,222,
rose,vulkan,gemma-4-26B-A4B-it-UD-Q4_K_M--think,think,reasoning,100.0,-,0,84.7,-,17689,30720,30720,30720,ok,76,
rose,vulkan,gemma-4-26B-A4B-it-UD-Q4_K_M--think,think,speed_short,78.7,-,-,78.7,255.3,16953,16384,16384,16384,ok,-,prefill_tps=255.3
rose,vulkan,gemma-4-26B-A4B-it-UD-Q4_K_M--think,think,speed_long-32k,78.6,-,-,78.6,355.9,16953,16384,16384,16384,ok,-,prefill_tps=355.9
rose,vulkan,LFM2.5-8B-A1B-Q5_K_M,-,maxctx,36864,-,-,-,-,6010,36864,36864,36864,ok,-,
rose,vulkan,LFM2.5-8B-A1B-Q5_K_M,n/a,reasoning,100.0,-,0,232.3,-,5998,34816,36864,34816,ok,21,
rose,vulkan,LFM2.5-8B-A1B-Q5_K_M,n/a,docqa,8.67,0,-,-,-,5998,34816,36864,34816,ok,20,
rose,vulkan,LFM2.5-8B-A1B-Q5_K_M,n/a,summarization,73.3,-,-,-,-,5998,34816,36864,34816,ok,15,
rose,vulkan,LFM2.5-8B-A1B-Q5_K_M,n/a,speed_short,286.9,-,-,286.9,606.9,6149,16384,16384,16384,ok,-,prefill_tps=606.9
rose,vulkan,LFM2.5-8B-A1B-Q5_K_M,n/a,speed_long-32k,285.4,-,-,285.4,674.0,6149,16384,16384,16384,ok,-,prefill_tps=674.0
rose,vulkan,Qwen3-14B-Q5_K_M--think,think,docqa,8.58,0,-,-,-,11563,22528,22528,22528,ok,94,
rose,vulkan,Qwen3-14B-Q5_K_M--think,think,summarization,90.0,-,-,-,-,11563,22528,22528,22528,ok,36,
rose,vulkan,Qwen3.6-35B-A3B-UD-IQ4_XS--think,think,docqa,9.17,0,-,-,-,18710,51200,55296,51200,ok,128,
rose,vulkan,Qwen3.6-35B-A3B-UD-IQ4_XS--think,think,summarization,74.4,-,-,-,-,18710,51200,55296,51200,ok,87,
rose,vulkan,gemma-4-E4B-it-Q8_0,-,smoke,0,-,-,-,-,7042,104448,108544,104448,error:smoke:triage-json:no-action,-,
rose,vulkan,gemma-4-E4B-it-Q5_K_M--nothi,no_think,summarization,71.1,-,-,-,-,5465,104448,108544,104448,ok,6,
rose,vulkan,gemma-4-E4B-it-Q5_K_M--think,think,docqa,10.00,0,-,-,-,5465,104448,108544,104448,ok,50,
rose,vulkan,gemma-4-E4B-it-Q5_K_M--think,think,summarization,75.6,-,-,-,-,5465,104448,108544,104448,ok,28,
rose,vulkan,gemma-4-26B-A4B-it-UD-Q4_K_M--nothi,no_think,summarization,74.4,-,-,-,-,17689,30720,30720,30720,ok,6,
rose,vulkan,gemma-4-26B-A4B-it-UD-Q4_K_M--think,think,docqa,8.67,0,-,-,-,17689,30720,30720,30720,ok,89,
rose,vulkan,gemma-4-26B-A4B-it-UD-Q4_K_M--think,think,summarization,82.2,-,-,-,-,17689,30720,30720,30720,ok,29,
rose,vulkan,gemma-4-E4B-it-Q8_0--nothi,no_think,summarization,68.9,-,-,-,-,7042,104448,108544,104448,ok,7,
rose,vulkan,gemma-4-E4B-it-Q8_0--think,think,docqa,8.67,0,-,-,-,7042,104448,108544,104448,ok,55,
rose,vulkan,gemma-4-E4B-it-Q8_0--think,think,summarization,76.7,-,-,-,-,7042,104448,108544,104448,ok,33,
rose,vulkan,gemma-4-E4B-it-Q8_0--nothi,no_think,toolcalling,100.0,-,-,-,-,7042,104448,108544,104448,ok,4,
rose,vulkan,gemma-4-E4B-it-Q5_K_M--nothi,no_think,toolcalling,100.0,-,-,-,-,5465,104448,108544,104448,ok,3,
rose,vulkan,gemma-4-26B-A4B-it-UD-Q4_K_M--nothi,no_think,toolcalling,100.0,-,-,-,-,17689,30720,30720,30720,ok,7,
rose,vulkan,LFM2.5-8B-A1B-Q5_K_M,n/a,toolcalling,60.0,-,-,-,-,5998,34816,36864,34816,ok,7,
rose,vulkan,GLM-4.7-Flash-IQ4_XS,-,maxctx,61440,-,-,-,-,17671,61440,65536,61440,ok,-,
rose,vulkan,GLM-4.7-Flash-IQ4_XS--nothi,no_think,triage,82.0,9,0,92.0,-,16585,38912,38912,38912,ok,35,
rose,vulkan,GLM-4.7-Flash-IQ4_XS--nothi,no_think,reasoning,83.3,-,0,113.4,-,16566,38912,38912,38912,ok,3,
rose,vulkan,GLM-4.7-Flash-IQ4_XS--nothi,no_think,toolcalling,80.0,-,-,-,-,16566,38912,38912,38912,ok,6,
rose,vulkan,GLM-4.7-Flash-IQ4_XS--nothi,no_think,docqa,7.58,0,-,-,-,16566,38912,38912,38912,ok,13,
rose,vulkan,GLM-4.7-Flash-IQ4_XS--nothi,no_think,summarization,85.6,-,-,-,-,16566,38912,38912,38912,ok,5,
rose,vulkan,GLM-4.7-Flash-IQ4_XS--nothi,no_think,speed_short,75.4,-,-,75.4,118.7,16200,16384,16384,16384,ok,-,prefill_tps=118.7
rose,vulkan,GLM-4.7-Flash-IQ4_XS--nothi,no_think,speed_long-32k,75.3,-,-,75.3,236.3,16200,16384,16384,16384,ok,-,prefill_tps=236.3
rose,vulkan,GLM-4.7-Flash-IQ4_XS--think,think,triage,87.8,2,0,93.7,-,16585,38912,38912,38912,ok,174,
rose,vulkan,GLM-4.7-Flash-IQ4_XS--think,think,reasoning,100.0,-,0,112.3,-,16566,38912,38912,38912,ok,43,
rose,vulkan,GLM-4.7-Flash-IQ4_XS--think,think,docqa,8.08,0,-,-,-,16566,38912,38912,38912,ok,68,
rose,vulkan,GLM-4.7-Flash-IQ4_XS--think,think,summarization,75.6,-,-,-,-,16566,38912,38912,38912,ok,36,
rose,vulkan,GLM-4.7-Flash-IQ4_XS--think,think,speed_short,75.3,-,-,75.3,118.9,16200,16384,16384,16384,ok,-,prefill_tps=118.9
rose,vulkan,GLM-4.7-Flash-IQ4_XS--think,think,speed_long-32k,75.3,-,-,75.3,238.1,16200,16384,16384,16384,ok,-,prefill_tps=238.1
rose,vulkan,granite-4.0-h-tiny-Q5_K_M,-,maxctx,126976,-,-,-,-,5526,126976,126976,126976,ok,-,
rose,vulkan,granite-4.0-h-tiny-Q5_K_M,n/a,triage,75.1,16,0,152.4,-,5534,126976,126976,126976,ok,21,
rose,vulkan,granite-4.0-h-tiny-Q5_K_M,n/a,toolcalling,100.0,-,-,-,-,5526,126976,126976,126976,ok,4,
rose,vulkan,granite-4.0-h-tiny-Q5_K_M,n/a,docqa,7.33,0,-,-,-,5526,126976,126976,126976,ok,8,
rose,vulkan,granite-4.0-h-tiny-Q5_K_M,n/a,summarization,64.2,-,-,-,-,5526,126976,126976,126976,ok,4,
rose,vulkan,granite-4.0-h-tiny-Q5_K_M,n/a,speed_short,94.4,-,-,94.4,264.7,4897,16384,16384,16384,ok,-,prefill_tps=264.7
rose,vulkan,granite-4.0-h-tiny-Q5_K_M,n/a,speed_long-32k,91.9,-,-,91.9,372.3,4897,16384,16384,16384,ok,-,prefill_tps=372.3
rose,vulkan,nvidia_Nemotron-3-Nano-4B-Q8_0,-,maxctx,18432,-,-,-,-,3884,18432,22528,18432,ok,-,
rose,vulkan,nvidia_Nemotron-3-Nano-4B-Q8_0--nothi,no_think,triage,61.6,0,5,70.8,-,3858,14336,14336,14336,ok,78,
rose,vulkan,nvidia_Nemotron-3-Nano-4B-Q8_0--nothi,no_think,reasoning,100.0,-,0,71.4,-,3850,14336,14336,14336,ok,20,
rose,vulkan,nvidia_Nemotron-3-Nano-4B-Q8_0--nothi,no_think,docqa,7.83,0,-,-,-,3850,14336,14336,14336,ok,34,
rose,vulkan,nvidia_Nemotron-3-Nano-4B-Q8_0--nothi,no_think,summarization,20.3,-,-,-,-,3850,14336,14336,14336,ok,9,
rose,vulkan,nvidia_Nemotron-3-Nano-4B-Q8_0--nothi,no_think,speed_short,132.3,-,-,132.3,544.6,4345,16384,16384,16384,ok,-,prefill_tps=544.6
rose,vulkan,nvidia_Nemotron-3-Nano-4B-Q8_0--nothi,no_think,speed_long-32k,131.8,-,-,131.8,830.4,4345,16384,16384,16384,ok,-,prefill_tps=830.4
rose,vulkan,nvidia_Nemotron-3-Nano-4B-Q8_0--think,think,triage,65.4,0,4,70.8,-,3858,14336,14336,14336,ok,94,
rose,vulkan,nvidia_Nemotron-3-Nano-4B-Q8_0--think,think,reasoning,100.0,-,0,71.4,-,3850,14336,14336,14336,ok,23,
rose,vulkan,nvidia_Nemotron-3-Nano-4B-Q8_0--think,think,docqa,8.58,0,-,-,-,3850,14336,14336,14336,ok,34,
rose,vulkan,nvidia_Nemotron-3-Nano-4B-Q8_0--think,think,summarization,24.4,-,-,-,-,3850,14336,14336,14336,ok,10,
rose,vulkan,nvidia_Nemotron-3-Nano-4B-Q8_0--think,think,speed_short,132.5,-,-,132.5,540.5,4345,16384,16384,16384,ok,-,prefill_tps=540.5
rose,vulkan,nvidia_Nemotron-3-Nano-4B-Q8_0--think,think,speed_long-32k,131.5,-,-,131.5,841.2,4345,16384,16384,16384,ok,-,prefill_tps=841.2
rose,vulkan,Qwen3-14B-Q5_K_M--think,think,toolcalling,100.0,-,-,-,-,11563,22528,22528,22528,ok,31,
rose,vulkan,Qwen3.6-35B-A3B-UD-IQ4_XS--think,think,toolcalling,100.0,-,-,-,-,18710,51200,55296,51200,ok,23,
rose,vulkan,gemma-4-E4B-it-Q8_0--think,think,toolcalling,100.0,-,-,-,-,7042,104448,108544,104448,ok,20,
rose,vulkan,gemma-4-E4B-it-Q5_K_M--think,think,toolcalling,100.0,-,-,-,-,5465,104448,108544,104448,ok,16,
rose,vulkan,gemma-4-26B-A4B-it-UD-Q4_K_M--think,think,toolcalling,100.0,-,-,-,-,17689,30720,30720,30720,ok,16,
rose,vulkan,gemma-4-12b-it-Q5_K_M,-,maxctx,120832,-,-,-,-,9293,120832,120832,120832,ok,-,
rose,vulkan,gemma-4-12b-it-Q5_K_M--nothi,no_think,triage,88.3,6,0,39.8,-,8574,43008,47104,43008,ok,83,
rose,vulkan,gemma-4-12b-it-Q5_K_M--nothi,no_think,reasoning,100.0,-,0,52.1,-,8571,43008,47104,43008,ok,5,
rose,vulkan,gemma-4-12b-it-Q5_K_M--nothi,no_think,toolcalling,100.0,-,-,-,-,8571,43008,47104,43008,ok,7,
rose,vulkan,gemma-4-12b-it-Q5_K_M--nothi,no_think,docqa,9.42,0,-,-,-,8571,43008,47104,43008,ok,16,
rose,vulkan,gemma-4-12b-it-Q5_K_M--nothi,no_think,summarization,64.7,-,-,-,-,8571,43008,47104,43008,ok,10,
rose,vulkan,gemma-4-12b-it-Q5_K_M--nothi,no_think,speed_short,54.1,-,-,54.1,204.1,9256,16384,16384,16384,ok,-,prefill_tps=204.1
rose,vulkan,gemma-4-12b-it-Q5_K_M--nothi,no_think,speed_long-32k,54.1,-,-,54.1,324.4,9256,16384,16384,16384,ok,-,prefill_tps=324.4
rose,vulkan,gemma-4-12b-it-Q5_K_M--think,think,triage,89.2,0,0,40.5,-,8577,43008,47104,43008,ok,372,
rose,vulkan,gemma-4-12b-it-Q5_K_M--think,think,reasoning,100.0,-,0,49.8,-,8571,43008,47104,43008,ok,210,
rose,vulkan,gemma-4-12b-it-Q5_K_M--think,think,toolcalling,80.0,-,-,-,-,8571,43008,47104,43008,ok,17,
rose,vulkan,gemma-4-12b-it-Q5_K_M--think,think,docqa,8.83,0,-,-,-,8571,43008,47104,43008,ok,315,
rose,vulkan,gemma-4-12b-it-Q5_K_M--think,think,summarization,61.9,-,-,-,-,8571,43008,47104,43008,ok,63,
rose,vulkan,gemma-4-12b-it-Q5_K_M--think,think,speed_short,54.1,-,-,54.1,202.9,9256,16384,16384,16384,ok,-,prefill_tps=202.9
rose,vulkan,gemma-4-12b-it-Q5_K_M--think,think,speed_long-32k,54.1,-,-,54.1,327.9,9256,16384,16384,16384,ok,-,prefill_tps=327.9
rose,vulkan,GLM-4.7-Flash-IQ4_XS--think,think,toolcalling,100.0,-,-,-,-,16566,38912,38912,38912,ok,12,
rose,vulkan,gemma-4-E4B-it-Q8_0,-,load,?,-,-,-,-,-,-,-,-,error:Server not ready within 360s,-,
rose,vulkan,Qwen3-Coder-30B-A3B-Instruct-UD-Q4_K_XL,n/a,speed_prefill-4k,134.5,-,-,134.5,2218.4,17926,16384,16384,16384,ok,-,prefill_tps=2218.4
rose,vulkan,Qwen3-Coder-30B-A3B-Instruct-UD-Q4_K_XL,n/a,speed_prefill-12k,117.9,-,-,117.9,1600.5,17926,16384,16384,16384,ok,-,prefill_tps=1600.5
rose,vulkan,Qwen3-30B-A3B-Instruct-2507-UD-Q4_K_XL,n/a,speed_prefill-4k,134.0,-,-,134.0,2262.6,17951,16384,16384,16384,ok,-,prefill_tps=2262.6
rose,vulkan,Qwen3-30B-A3B-Instruct-2507-UD-Q4_K_XL,n/a,speed_prefill-12k,118.2,-,-,118.2,1620.2,17951,16384,16384,16384,ok,-,prefill_tps=1620.2
rose,vulkan,Qwen3-30B-A3B-Instruct-2507-IQ4_XS,n/a,speed_prefill-4k,135.4,-,-,135.4,2191.9,16494,16384,16384,16384,ok,-,prefill_tps=2191.9
rose,vulkan,Qwen3-30B-A3B-Instruct-2507-IQ4_XS,n/a,speed_prefill-12k,118.4,-,-,118.4,1597.5,16494,16384,16384,16384,ok,-,prefill_tps=1597.5
rose,vulkan,Qwen3-14B-Q5_K_M--nothi,no_think,speed_prefill-4k,63.9,-,-,63.9,1059.0,11463,16384,16384,16384,ok,-,prefill_tps=1059.0
rose,vulkan,Qwen3-14B-Q5_K_M--nothi,no_think,speed_prefill-12k,57.3,-,-,57.3,881.8,11463,16384,16384,16384,ok,-,prefill_tps=881.8
rose,vulkan,Qwen3-14B-Q5_K_M--think,think,speed_prefill-4k,63.8,-,-,63.8,1059.6,11463,16384,16384,16384,ok,-,prefill_tps=1059.6
rose,vulkan,Qwen3-14B-Q5_K_M--think,think,speed_prefill-12k,57.3,-,-,57.3,880.2,11463,16384,16384,16384,ok,-,prefill_tps=880.2
rose,vulkan,Qwen3.6-35B-A3B-UD-IQ4_XS--nothi,no_think,speed_prefill-4k,128.3,-,-,128.3,2088.2,18542,16384,16384,16384,ok,-,prefill_tps=2088.2
rose,vulkan,Qwen3.6-35B-A3B-UD-IQ4_XS--nothi,no_think,speed_prefill-12k,106.5,-,-,106.5,1744.6,18542,16384,16384,16384,ok,-,prefill_tps=1744.6
rose,vulkan,Qwen3.6-35B-A3B-UD-IQ4_XS--think,think,speed_prefill-4k,129.0,-,-,129.0,2127.0,18542,16384,16384,16384,ok,-,prefill_tps=2127.0
rose,vulkan,Qwen3.6-35B-A3B-UD-IQ4_XS--think,think,speed_prefill-12k,106.8,-,-,106.8,1750.0,18542,16384,16384,16384,ok,-,prefill_tps=1750.0
rose,vulkan,gemma-4-E4B-it-Q8_0--nothi,no_think,speed_prefill-4k,88.6,-,-,88.6,3197.2,5733,16384,16384,16384,ok,-,prefill_tps=3197.2
rose,vulkan,gemma-4-E4B-it-Q8_0--nothi,no_think,speed_prefill-12k,87.0,-,-,87.0,3097.6,5733,16384,16384,16384,ok,-,prefill_tps=3097.6
rose,vulkan,gemma-4-E4B-it-Q8_0--think,think,speed_prefill-4k,88.6,-,-,88.6,3234.1,5733,16384,16384,16384,ok,-,prefill_tps=3234.1
rose,vulkan,gemma-4-E4B-it-Q8_0--think,think,speed_prefill-12k,87.1,-,-,87.1,3095.8,5733,16384,16384,16384,ok,-,prefill_tps=3095.8
rose,vulkan,gemma-4-E4B-it-Q5_K_M--nothi,no_think,speed_prefill-4k,107.6,-,-,107.6,3066.4,4155,16384,16384,16384,ok,-,prefill_tps=3066.4
rose,vulkan,gemma-4-E4B-it-Q5_K_M--nothi,no_think,speed_prefill-12k,103.6,-,-,103.6,2975.9,4155,16384,16384,16384,ok,-,prefill_tps=2975.9
rose,vulkan,gemma-4-E4B-it-Q5_K_M--think,think,speed_prefill-4k,108.1,-,-,108.1,3108.1,4155,16384,16384,16384,ok,-,prefill_tps=3108.1
rose,vulkan,gemma-4-E4B-it-Q5_K_M--think,think,speed_prefill-12k,104.1,-,-,104.1,2968.1,4155,16384,16384,16384,ok,-,prefill_tps=2968.1
rose,vulkan,gemma-4-26B-A4B-it-UD-Q4_K_M--nothi,no_think,speed_prefill-4k,68.0,-,-,68.0,2414.6,16953,16384,16384,16384,ok,-,prefill_tps=2414.6
rose,vulkan,gemma-4-26B-A4B-it-UD-Q4_K_M--nothi,no_think,speed_prefill-12k,56.4,-,-,56.4,2077.3,16953,16384,16384,16384,ok,-,prefill_tps=2077.3
rose,vulkan,gemma-4-26B-A4B-it-UD-Q4_K_M--think,think,speed_prefill-4k,68.2,-,-,68.2,2425.8,16953,16384,16384,16384,ok,-,prefill_tps=2425.8
rose,vulkan,gemma-4-26B-A4B-it-UD-Q4_K_M--think,think,speed_prefill-12k,56.6,-,-,56.6,2094.0,16953,16384,16384,16384,ok,-,prefill_tps=2094.0
rose,vulkan,gemma-4-12b-it-Q5_K_M--nothi,no_think,speed_prefill-4k,58.1,-,-,58.1,1214.7,9256,16384,16384,16384,ok,-,prefill_tps=1214.7
rose,vulkan,gemma-4-12b-it-Q5_K_M--nothi,no_think,speed_prefill-12k,57.2,-,-,57.2,1146.6,9256,16384,16384,16384,ok,-,prefill_tps=1146.6
rose,vulkan,gemma-4-12b-it-Q5_K_M--think,think,speed_prefill-4k,58.2,-,-,58.2,1218.6,9256,16384,16384,16384,ok,-,prefill_tps=1218.6
rose,vulkan,gemma-4-12b-it-Q5_K_M--think,think,speed_prefill-12k,57.3,-,-,57.3,1147.3,9256,16384,16384,16384,ok,-,prefill_tps=1147.3
rose,vulkan,LFM2.5-8B-A1B-Q5_K_M,n/a,speed_prefill-4k,307.2,-,-,307.2,6872.9,6149,16384,16384,16384,ok,-,prefill_tps=6872.9
rose,vulkan,LFM2.5-8B-A1B-Q5_K_M,n/a,speed_prefill-12k,295.0,-,-,295.0,6649.2,6149,16384,16384,16384,ok,-,prefill_tps=6649.2
rose,vulkan,GLM-4.7-Flash-IQ4_XS--nothi,no_think,speed_prefill-4k,55.5,-,-,55.5,1139.8,16200,16384,16384,16384,ok,-,prefill_tps=1139.8
rose,vulkan,GLM-4.7-Flash-IQ4_XS--nothi,no_think,speed_prefill-12k,34.9,-,-,34.9,720.6,16200,16384,16384,16384,ok,-,prefill_tps=720.6
rose,vulkan,GLM-4.7-Flash-IQ4_XS--think,think,speed_prefill-4k,55.4,-,-,55.4,1143.1,16200,16384,16384,16384,ok,-,prefill_tps=1143.1
rose,vulkan,GLM-4.7-Flash-IQ4_XS--think,think,speed_prefill-12k,34.9,-,-,34.9,720.4,16200,16384,16384,16384,ok,-,prefill_tps=720.4
rose,vulkan,granite-4.0-h-tiny-Q5_K_M,n/a,speed_prefill-4k,154.8,-,-,154.8,732.9,4897,16384,16384,16384,ok,-,prefill_tps=732.9
rose,vulkan,granite-4.0-h-tiny-Q5_K_M,n/a,speed_prefill-12k,153.6,-,-,153.6,732.9,4897,16384,16384,16384,ok,-,prefill_tps=732.9
rose,vulkan,nvidia_Nemotron-3-Nano-4B-Q8_0--nothi,no_think,speed_prefill-4k,145.1,-,-,145.1,3532.8,4345,16384,16384,16384,ok,-,prefill_tps=3532.8
rose,vulkan,nvidia_Nemotron-3-Nano-4B-Q8_0--nothi,no_think,speed_prefill-12k,142.2,-,-,142.2,3527.5,4345,16384,16384,16384,ok,-,prefill_tps=3527.5
rose,vulkan,nvidia_Nemotron-3-Nano-4B-Q8_0--think,think,speed_prefill-4k,145.5,-,-,145.5,3523.0,4345,16384,16384,16384,ok,-,prefill_tps=3523.0
rose,vulkan,nvidia_Nemotron-3-Nano-4B-Q8_0--think,think,speed_prefill-12k,142.1,-,-,142.1,3517.9,4345,16384,16384,16384,ok,-,prefill_tps=3517.9
rose,vulkan,Qwen3-Coder-30B-A3B-Instruct-UD-Q4_K_XL,n/a,speed_decay-0k,116.4,,,116.4,215.3,19694,79872,,,ok,,decode@0
rose,vulkan,Qwen3-Coder-30B-A3B-Instruct-UD-Q4_K_XL,n/a,speed_decay-16k,70.8,,,70.8,273.2,19694,79872,,,ok,,decode@16384
rose,vulkan,Qwen3-Coder-30B-A3B-Instruct-UD-Q4_K_XL,n/a,speed_decay-32k,49.4,,,49.4,244.8,19694,79872,,,ok,,decode@32768
rose,vulkan,Qwen3-30B-A3B-Instruct-2507-UD-Q4_K_XL,n/a,speed_decay-0k,117.1,,,117.1,208.4,19718,79872,,,ok,,decode@0
rose,vulkan,Qwen3-30B-A3B-Instruct-2507-UD-Q4_K_XL,n/a,speed_decay-16k,71.6,,,71.6,318.2,19718,79872,,,ok,,decode@16384
rose,vulkan,Qwen3-30B-A3B-Instruct-2507-UD-Q4_K_XL,n/a,speed_decay-32k,49.3,,,49.3,279.3,19718,79872,,,ok,,decode@32768
rose,vulkan,Qwen3-30B-A3B-Instruct-2507-UD-Q4_K_XL,n/a,speed_decay-64k,29.8,,,29.8,218.6,19718,79872,,,ok,,decode@65536
rose,vulkan,Qwen3-30B-A3B-Instruct-2507-IQ4_XS,n/a,speed_decay-0k,112.7,,,112.7,209.2,18746,69632,,,ok,,decode@0
rose,vulkan,Qwen3-30B-A3B-Instruct-2507-IQ4_XS,n/a,speed_decay-16k,103.1,,,103.1,330.2,18746,69632,,,ok,,decode@16384
rose,vulkan,Qwen3-30B-A3B-Instruct-2507-IQ4_XS,n/a,speed_decay-32k,90.6,,,90.6,291.6,18746,69632,,,ok,,decode@32768
rose,vulkan,Qwen3-30B-A3B-Instruct-2507-IQ4_XS,n/a,speed_decay-64k,72.0,,,72.0,230.1,18746,69632,,,ok,,decode@65536
rose,vulkan,Qwen3-14B-Q5_K_M,n/a,speed_decay-0k,60.5,,,60.5,327.5,12251,30720,,,ok,,decode@0
rose,vulkan,Qwen3-14B-Q5_K_M,n/a,speed_decay-16k,48.5,,,48.5,788.1,12251,30720,,,ok,,decode@16384
rose,vulkan,Qwen3.6-35B-A3B-UD-IQ4_XS,n/a,speed_decay-0k,53.1,,,53.1,90.7,18716,75776,,,ok,,decode@0
rose,vulkan,Qwen3.6-35B-A3B-UD-IQ4_XS,n/a,speed_decay-16k,52.5,,,52.5,283.3,18716,75776,,,ok,,decode@16384
rose,vulkan,Qwen3.6-35B-A3B-UD-IQ4_XS,n/a,speed_decay-32k,47.1,,,47.1,270.7,18716,75776,,,ok,,decode@32768
rose,vulkan,Qwen3.6-35B-A3B-UD-IQ4_XS,n/a,speed_decay-64k,38.7,,,38.7,238.1,18716,75776,,,ok,,decode@65536
rose,vulkan,gemma-4-E4B-it-Q8_0,n/a,speed_decay-0k,78.1,,,78.1,284.3,6056,126976,,,ok,,decode@0
rose,vulkan,gemma-4-E4B-it-Q8_0,n/a,speed_decay-16k,70.8,,,70.8,809.7,6056,126976,,,ok,,decode@16384
rose,vulkan,gemma-4-E4B-it-Q8_0,n/a,speed_decay-32k,65.6,,,65.6,745.3,6056,126976,,,ok,,decode@32768
rose,vulkan,gemma-4-E4B-it-Q8_0,n/a,speed_decay-64k,58.3,,,58.3,638.3,6056,126976,,,ok,,decode@65536
rose,vulkan,gemma-4-E4B-it-Q8_0,n/a,speed_decay-96k,52.6,,,52.6,556.5,6056,126976,,,ok,,decode@98304
rose,vulkan,gemma-4-E4B-it-Q5_K_M,n/a,speed_decay-0k,91.6,,,91.6,274.5,4478,126976,,,ok,,decode@0
rose,vulkan,gemma-4-E4B-it-Q5_K_M,n/a,speed_decay-16k,82.2,,,82.2,757.5,4478,126976,,,ok,,decode@16384
rose,vulkan,gemma-4-E4B-it-Q5_K_M,n/a,speed_decay-32k,75.5,,,75.5,701.7,4478,126976,,,ok,,decode@32768
rose,vulkan,gemma-4-E4B-it-Q5_K_M,n/a,speed_decay-64k,66.1,,,66.1,604.9,4478,126976,,,ok,,decode@65536
rose,vulkan,gemma-4-E4B-it-Q5_K_M,n/a,speed_decay-96k,58.9,,,58.9,530.7,4478,126976,,,ok,,decode@98304
rose,vulkan,gemma-4-26B-A4B-it-UD-Q4_K_M,n/a,speed_decay-0k,70.0,,,70.0,204.0,16927,71680,,,ok,,decode@0
rose,vulkan,gemma-4-26B-A4B-it-UD-Q4_K_M,n/a,speed_decay-16k,47.6,,,47.6,253.8,16927,71680,,,ok,,decode@16384
rose,vulkan,gemma-4-26B-A4B-it-UD-Q4_K_M,n/a,speed_decay-32k,44.3,,,44.3,247.3,16927,71680,,,ok,,decode@32768
rose,vulkan,gemma-4-26B-A4B-it-UD-Q4_K_M,n/a,speed_decay-64k,39.3,,,39.3,233.4,16927,71680,,,ok,,decode@65536
rose,vulkan,gemma-4-12b-it-Q5_K_M,n/a,speed_decay-0k,53.3,,,53.3,256.6,9293,120832,,,ok,,decode@0
rose,vulkan,gemma-4-12b-it-Q5_K_M,n/a,speed_decay-16k,39.5,,,39.5,1024.6,9293,120832,,,ok,,decode@16384
rose,vulkan,gemma-4-12b-it-Q5_K_M,n/a,speed_decay-32k,34.2,,,34.2,876.7,9293,120832,,,ok,,decode@32768
rose,vulkan,gemma-4-12b-it-Q5_K_M,n/a,speed_decay-64k,33.3,,,33.3,663.5,9293,120832,,,ok,,decode@65536
rose,vulkan,gemma-4-12b-it-Q5_K_M,n/a,speed_decay-96k,32.2,,,32.2,525.8,9293,120832,,,ok,,decode@98304
rose,vulkan,LFM2.5-8B-A1B-Q5_K_M,n/a,speed_decay-0k,262.9,,,262.9,468.2,6010,36864,,,ok,,decode@0
rose,vulkan,LFM2.5-8B-A1B-Q5_K_M,n/a,speed_decay-16k,243.7,,,243.7,764.6,6010,36864,,,ok,,decode@16384
rose,vulkan,LFM2.5-8B-A1B-Q5_K_M,n/a,speed_decay-32k,228.2,,,228.2,754.9,6010,36864,,,ok,,decode@32768
rose,vulkan,GLM-4.7-Flash-IQ4_XS,n/a,speed_decay-0k,113.6,,,113.6,225.0,17322,65536,,,ok,,decode@0
rose,vulkan,GLM-4.7-Flash-IQ4_XS,n/a,speed_decay-16k,30.0,,,30.0,551.5,17322,65536,,,ok,,decode@16384
rose,vulkan,GLM-4.7-Flash-IQ4_XS,n/a,speed_decay-32k,15.5,,,15.5,320.3,17322,65536,,,ok,,decode@32768
rose,vulkan,granite-4.0-h-tiny-Q5_K_M,n/a,speed_decay-0k,174.5,,,174.5,372.9,5526,126976,,,ok,,decode@0
rose,vulkan,granite-4.0-h-tiny-Q5_K_M,n/a,speed_decay-16k,248.5,,,248.5,4530.7,5526,126976,,,ok,,decode@16384
rose,vulkan,granite-4.0-h-tiny-Q5_K_M,n/a,speed_decay-32k,243.5,,,243.5,4404.2,5526,126976,,,ok,,decode@32768
rose,vulkan,granite-4.0-h-tiny-Q5_K_M,n/a,speed_decay-64k,232.0,,,232.0,3678.2,5526,126976,,,ok,,decode@65536
rose,vulkan,granite-4.0-h-tiny-Q5_K_M,n/a,speed_decay-96k,222.2,,,222.2,3198.2,5526,126976,,,ok,,decode@98304
rose,vulkan,nvidia_Nemotron-3-Nano-4B-Q8_0,n/a,speed_decay-0k,71.2,,,71.2,317.7,3884,18432,,,ok,,decode@0
rose,vulkan,nvidia_Nemotron-3-Nano-4B-Q8_0,n/a,speed_decay-16k,70.3,,,70.3,906.2,3884,18432,,,ok,,decode@16384
rose,vulkan,Qwen3-Coder-30B-A3B-Instruct-UD-Q4_K_XL,n/a,speed_pargen-1,107.4,,,107.4,,17526,16384,,,ok,,parallel=8 conc=1 per_slot=107.4
rose,vulkan,Qwen3-Coder-30B-A3B-Instruct-UD-Q4_K_XL,n/a,speed_pargen-2,141.6,,,141.6,,17526,16384,,,ok,,parallel=8 conc=2 per_slot=70.8
rose,vulkan,Qwen3-Coder-30B-A3B-Instruct-UD-Q4_K_XL,n/a,speed_pargen-4,193.2,,,193.2,,17526,16384,,,ok,,parallel=8 conc=4 per_slot=48.3
rose,vulkan,Qwen3-Coder-30B-A3B-Instruct-UD-Q4_K_XL,n/a,speed_pargen-8,229.7,,,229.7,,17526,16384,,,ok,,parallel=8 conc=8 per_slot=28.7
rose,vulkan,Qwen3-30B-A3B-Instruct-2507-UD-Q4_K_XL,n/a,speed_pargen-1,107.8,,,107.8,,17550,16384,,,ok,,parallel=8 conc=1 per_slot=107.8
rose,vulkan,Qwen3-30B-A3B-Instruct-2507-UD-Q4_K_XL,n/a,speed_pargen-2,140.5,,,140.5,,17550,16384,,,ok,,parallel=8 conc=2 per_slot=70.2
rose,vulkan,Qwen3-30B-A3B-Instruct-2507-UD-Q4_K_XL,n/a,speed_pargen-4,195.8,,,195.8,,17550,16384,,,ok,,parallel=8 conc=4 per_slot=48.9
rose,vulkan,Qwen3-30B-A3B-Instruct-2507-UD-Q4_K_XL,n/a,speed_pargen-8,228.8,,,228.8,,17550,16384,,,ok,,parallel=8 conc=8 per_slot=28.6
rose,vulkan,Qwen3-30B-A3B-Instruct-2507-IQ4_XS,n/a,speed_pargen-1,106.1,,,106.1,,16094,16384,,,ok,,parallel=8 conc=1 per_slot=106.1
rose,vulkan,Qwen3-30B-A3B-Instruct-2507-IQ4_XS,n/a,speed_pargen-2,147.5,,,147.5,,16094,16384,,,ok,,parallel=8 conc=2 per_slot=73.8
rose,vulkan,Qwen3-30B-A3B-Instruct-2507-IQ4_XS,n/a,speed_pargen-4,186.4,,,186.4,,16094,16384,,,ok,,parallel=8 conc=4 per_slot=46.6
rose,vulkan,Qwen3-30B-A3B-Instruct-2507-IQ4_XS,n/a,speed_pargen-8,196.1,,,196.1,,16094,16384,,,ok,,parallel=8 conc=8 per_slot=24.5
rose,vulkan,Qwen3-14B-Q5_K_M,n/a,speed_pargen-1,59.3,,,59.3,,11035,16384,,,ok,,parallel=8 conc=1 per_slot=59.3
rose,vulkan,Qwen3-14B-Q5_K_M,n/a,speed_pargen-2,110.2,,,110.2,,11035,16384,,,ok,,parallel=8 conc=2 per_slot=55.1
rose,vulkan,Qwen3-14B-Q5_K_M,n/a,speed_pargen-4,168.9,,,168.9,,11035,16384,,,ok,,parallel=8 conc=4 per_slot=42.2
rose,vulkan,Qwen3-14B-Q5_K_M,n/a,speed_pargen-8,199.6,,,199.6,,11035,16384,,,ok,,parallel=8 conc=8 per_slot=24.9
rose,vulkan,Qwen3.6-35B-A3B-UD-IQ4_XS,n/a,speed_pargen-1,46.3,,,46.3,,20128,16384,,,ok,,parallel=8 conc=1 per_slot=46.3
rose,vulkan,Qwen3.6-35B-A3B-UD-IQ4_XS,n/a,speed_pargen-2,42.5,,,42.5,,20128,16384,,,ok,,parallel=8 conc=2 per_slot=21.2
rose,vulkan,Qwen3.6-35B-A3B-UD-IQ4_XS,n/a,speed_pargen-4,44.1,,,44.1,,20128,16384,,,ok,,parallel=8 conc=4 per_slot=11.0
rose,vulkan,Qwen3.6-35B-A3B-UD-IQ4_XS,n/a,speed_pargen-8,44.2,,,44.2,,20128,16384,,,ok,,parallel=8 conc=8 per_slot=5.5
rose,vulkan,gemma-4-E4B-it-Q8_0,n/a,speed_pargen-1,73.8,,,73.8,,5116,16384,,,ok,,parallel=8 conc=1 per_slot=73.8
rose,vulkan,gemma-4-E4B-it-Q8_0,n/a,speed_pargen-2,127.6,,,127.6,,5116,16384,,,ok,,parallel=8 conc=2 per_slot=63.8
rose,vulkan,gemma-4-E4B-it-Q8_0,n/a,speed_pargen-4,197.3,,,197.3,,5116,16384,,,ok,,parallel=8 conc=4 per_slot=49.3
rose,vulkan,gemma-4-E4B-it-Q8_0,n/a,speed_pargen-8,235.8,,,235.8,,5116,16384,,,ok,,parallel=8 conc=8 per_slot=29.5
rose,vulkan,gemma-4-E4B-it-Q5_K_M,n/a,speed_pargen-1,86.4,,,86.4,,3538,16384,,,ok,,parallel=8 conc=1 per_slot=86.4
rose,vulkan,gemma-4-E4B-it-Q5_K_M,n/a,speed_pargen-2,144.9,,,144.9,,3538,16384,,,ok,,parallel=8 conc=2 per_slot=72.4
rose,vulkan,gemma-4-E4B-it-Q5_K_M,n/a,speed_pargen-4,211.3,,,211.3,,3538,16384,,,ok,,parallel=8 conc=4 per_slot=52.8
rose,vulkan,gemma-4-E4B-it-Q5_K_M,n/a,speed_pargen-8,257.7,,,257.7,,3538,16384,,,ok,,parallel=8 conc=8 per_slot=32.2
rose,vulkan,gemma-4-26B-A4B-it-UD-Q4_K_M,n/a,speed_pargen-1,67.6,,,67.6,,17203,16384,,,ok,,parallel=8 conc=1 per_slot=67.6
rose,vulkan,gemma-4-26B-A4B-it-UD-Q4_K_M,n/a,speed_pargen-2,100.4,,,100.4,,17203,16384,,,ok,,parallel=8 conc=2 per_slot=50.2
rose,vulkan,gemma-4-26B-A4B-it-UD-Q4_K_M,n/a,speed_pargen-4,139.5,,,139.5,,17203,16384,,,ok,,parallel=8 conc=4 per_slot=34.9
rose,vulkan,gemma-4-26B-A4B-it-UD-Q4_K_M,n/a,speed_pargen-8,165.7,,,165.7,,17203,16384,,,ok,,parallel=8 conc=8 per_slot=20.7
rose,vulkan,gemma-4-12b-it-Q5_K_M,n/a,speed_pargen-1,47.8,,,47.8,,10223,16384,,,ok,,parallel=8 conc=1 per_slot=47.8
rose,vulkan,gemma-4-12b-it-Q5_K_M,n/a,speed_pargen-2,82.7,,,82.7,,10223,16384,,,ok,,parallel=8 conc=2 per_slot=41.3
rose,vulkan,gemma-4-12b-it-Q5_K_M,n/a,speed_pargen-4,126.0,,,126.0,,10223,16384,,,ok,,parallel=8 conc=4 per_slot=31.5
rose,vulkan,gemma-4-12b-it-Q5_K_M,n/a,speed_pargen-8,145.7,,,145.7,,10223,16384,,,ok,,parallel=8 conc=8 per_slot=18.2
rose,vulkan,LFM2.5-8B-A1B-Q5_K_M,n/a,speed_pargen-1,279.8,,,279.8,,5943,16384,,,ok,,parallel=8 conc=1 per_slot=279.8
rose,vulkan,LFM2.5-8B-A1B-Q5_K_M,n/a,speed_pargen-2,395.4,,,395.4,,5943,16384,,,ok,,parallel=8 conc=2 per_slot=197.7
rose,vulkan,LFM2.5-8B-A1B-Q5_K_M,n/a,speed_pargen-4,547.0,,,547.0,,5943,16384,,,ok,,parallel=8 conc=4 per_slot=136.8
rose,vulkan,LFM2.5-8B-A1B-Q5_K_M,n/a,speed_pargen-8,679.5,,,679.5,,5943,16384,,,ok,,parallel=8 conc=8 per_slot=84.9
rose,vulkan,GLM-4.7-Flash-IQ4_XS,n/a,speed_pargen-1,62.8,,,62.8,,15824,16384,,,ok,,parallel=8 conc=1 per_slot=62.8
rose,vulkan,GLM-4.7-Flash-IQ4_XS,n/a,speed_pargen-2,35.0,,,35.0,,15824,16384,,,ok,,parallel=8 conc=2 per_slot=17.5
rose,vulkan,GLM-4.7-Flash-IQ4_XS,n/a,speed_pargen-4,57.9,,,57.9,,15824,16384,,,ok,,parallel=8 conc=4 per_slot=14.5
rose,vulkan,GLM-4.7-Flash-IQ4_XS,n/a,speed_pargen-8,88.6,,,88.6,,15824,16384,,,ok,,parallel=8 conc=8 per_slot=11.1
rose,vulkan,granite-4.0-h-tiny-Q5_K_M,n/a,speed_pargen-1,167.1,,,167.1,,5343,16384,,,ok,,parallel=8 conc=1 per_slot=167.1
rose,vulkan,granite-4.0-h-tiny-Q5_K_M,n/a,speed_pargen-2,240.4,,,240.4,,5343,16384,,,ok,,parallel=8 conc=2 per_slot=120.2
rose,vulkan,granite-4.0-h-tiny-Q5_K_M,n/a,speed_pargen-4,354.0,,,354.0,,5343,16384,,,ok,,parallel=8 conc=4 per_slot=88.5
rose,vulkan,granite-4.0-h-tiny-Q5_K_M,n/a,speed_pargen-8,466.2,,,466.2,,5343,16384,,,ok,,parallel=8 conc=8 per_slot=58.3
rose,vulkan,nvidia_Nemotron-3-Nano-4B-Q8_0,n/a,speed_pargen-1,68.4,,,68.4,,4435,16384,,,ok,,parallel=8 conc=1 per_slot=68.4
rose,vulkan,nvidia_Nemotron-3-Nano-4B-Q8_0,n/a,speed_pargen-2,83.0,,,83.0,,4435,16384,,,ok,,parallel=8 conc=2 per_slot=41.5
rose,vulkan,nvidia_Nemotron-3-Nano-4B-Q8_0,n/a,speed_pargen-4,93.7,,,93.7,,4435,16384,,,ok,,parallel=8 conc=4 per_slot=23.4
rose,vulkan,nvidia_Nemotron-3-Nano-4B-Q8_0,n/a,speed_pargen-8,98.9,,,98.9,,4435,16384,,,ok,,parallel=8 conc=8 per_slot=12.4
rose,vulkan,Qwen3-Coder-30B-A3B-Instruct-UD-Q4_K_XL,n/a,power_eff,0.495,,,112.6,,,,,,ok,,W=227 tps=112.6 n=29
rose,vulkan,Qwen3-Coder-30B-A3B-Instruct-UD-Q4_K_XL,n/a,struct_output,100.0,,0,,,,,,,ok,,parse=100% schema=100%
rose,vulkan,Qwen3-30B-A3B-Instruct-2507-UD-Q4_K_XL,n/a,power_eff,0.495,,,112.1,,,,,,ok,,W=226 tps=112.1 n=29
rose,vulkan,Qwen3-30B-A3B-Instruct-2507-UD-Q4_K_XL,n/a,struct_output,100.0,,0,,,,,,,ok,,parse=100% schema=100%
rose,vulkan,Qwen3-30B-A3B-Instruct-2507-IQ4_XS,n/a,power_eff,0.438,,,110.0,,,,,,ok,,W=251 tps=110.0 n=28
rose,vulkan,Qwen3-30B-A3B-Instruct-2507-IQ4_XS,n/a,struct_output,100.0,,0,,,,,,,ok,,parse=100% schema=100%
rose,vulkan,Qwen3-14B-Q5_K_M,n/a,power_eff,0.216,,,59.7,,,,,,ok,,W=276 tps=59.7 n=53
rose,vulkan,Qwen3-14B-Q5_K_M,n/a,struct_output,100.0,,0,,,,,,,ok,,parse=100% schema=100%
rose,vulkan,Qwen3.6-35B-A3B-UD-IQ4_XS,n/a,power_eff,0.181,,,35.1,,,,,,ok,,W=194 tps=35.1 n=90
rose,vulkan,Qwen3.6-35B-A3B-UD-IQ4_XS,n/a,struct_output,100.0,,0,,,,,,,ok,,parse=100% schema=100%
rose,vulkan,gemma-4-E4B-it-Q8_0,n/a,power_eff,0.316,,,87.3,,,,,,ok,,W=277 tps=87.3 n=36
rose,vulkan,gemma-4-E4B-it-Q8_0,n/a,struct_output,100.0,,0,,,,,,,ok,,parse=100% schema=100%
rose,vulkan,gemma-4-E4B-it-Q5_K_M,n/a,power_eff,0.384,,,105.5,,,,,,ok,,W=275 tps=105.5 n=29
rose,vulkan,gemma-4-E4B-it-Q5_K_M,n/a,struct_output,100.0,,0,,,,,,,ok,,parse=100% schema=100%
rose,vulkan,gemma-4-26B-A4B-it-UD-Q4_K_M,n/a,power_eff,0.276,,,61.7,,,,,,ok,,W=223 tps=61.7 n=52
rose,vulkan,gemma-4-26B-A4B-it-UD-Q4_K_M,n/a,struct_output,100.0,,0,,,,,,,ok,,parse=100% schema=100%
rose,vulkan,gemma-4-12b-it-Q5_K_M,n/a,power_eff,0.173,,,47.9,,,,,,ok,,W=277 tps=47.9 n=65
rose,vulkan,gemma-4-12b-it-Q5_K_M,n/a,struct_output,100.0,,0,,,,,,,ok,,parse=100% schema=100%
rose,vulkan,LFM2.5-8B-A1B-Q5_K_M,n/a,power_eff,1.177,,,306.8,,,,,,ok,,W=261 tps=306.8 n=11
rose,vulkan,LFM2.5-8B-A1B-Q5_K_M,n/a,struct_output,75.0,,3,,,,,,,ok,,parse=75% schema=75%
rose,vulkan,GLM-4.7-Flash-IQ4_XS,n/a,power_eff,0.270,,,56.8,,,,,,ok,,W=211 tps=56.8 n=56
rose,vulkan,GLM-4.7-Flash-IQ4_XS,n/a,struct_output,100.0,,0,,,,,,,ok,,parse=100% schema=100%
rose,vulkan,granite-4.0-h-tiny-Q5_K_M,n/a,power_eff,0.776,,,173.0,,,,,,ok,,W=223 tps=173.0 n=18
rose,vulkan,granite-4.0-h-tiny-Q5_K_M,n/a,struct_output,100.0,,0,,,,,,,ok,,parse=100% schema=100%
rose,vulkan,nvidia_Nemotron-3-Nano-4B-Q8_0,n/a,power_eff,0.304,,,70.7,,,,,,ok,,W=232 tps=70.7 n=46
rose,vulkan,nvidia_Nemotron-3-Nano-4B-Q8_0,n/a,struct_output,83.3,,0,,,,,,,ok,,parse=100% schema=83%
rose,vulkan,Qwen3-Coder-30B-A3B-Instruct-UD-Q4_K_XL,n/a,coding,94.4,-,0,128.3,-,20251,262144,262144,262144,ok,24,tests 98.2%
rose,vulkan,Qwen3-30B-A3B-Instruct-2507-UD-Q4_K_XL,n/a,coding,100.0,-,0,110.1,-,20274,262144,262144,262144,ok,28,tests 100.0%
rose,vulkan,Qwen3-30B-A3B-Instruct-2507-IQ4_XS,n/a,coding,94.4,-,0,130.3,-,20014,81920,81920,81920,ok,20,tests 98.2%
rose,vulkan,Qwen3-14B-Q5_K_M--nothi,no_think,coding,100.0,-,0,60.5,-,13600,40960,40960,40960,ok,33,tests 100.0%
rose,vulkan,Qwen3-14B-Q5_K_M--think,think,coding,100.0,-,0,59.0,-,13600,40960,40960,40960,ok,483,tests 100.0%
rose,vulkan,Qwen3.6-35B-A3B-UD-IQ4_XS--nothi,no_think,coding,100.0,-,0,174.5,-,20067,262144,262144,262144,ok,21,tests 100.0%
rose,vulkan,Qwen3.6-35B-A3B-UD-IQ4_XS--think,think,coding,100.0,-,0,140.3,-,20067,262144,262144,262144,ok,231,tests 100.0%
rose,vulkan,gemma-4-E4B-it-Q8_0--nothi,no_think,coding,100.0,-,0,80.0,-,6910,128000,128000,128000,ok,52,tests 100.0%
rose,vulkan,gemma-4-E4B-it-Q8_0--think,think,coding,100.0,-,0,77.0,-,6910,128000,128000,128000,ok,193,tests 100.0%
rose,vulkan,gemma-4-E4B-it-Q5_K_M--nothi,no_think,coding,100.0,-,0,102.0,-,5518,128000,128000,128000,ok,37,tests 100.0%
rose,vulkan,gemma-4-E4B-it-Q5_K_M--think,think,coding,100.0,-,0,101.0,-,5518,128000,128000,128000,ok,123,tests 100.0%
rose,vulkan,gemma-4-26B-A4B-it-UD-Q4_K_M--nothi,no_think,coding,100.0,-,0,77.4,-,18717,128000,128000,128000,ok,37,tests 100.0%
rose,vulkan,gemma-4-26B-A4B-it-UD-Q4_K_M--think,think,coding,100.0,-,0,72.7,-,18717,128000,128000,128000,ok,445,tests 100.0%
rose,vulkan,gemma-4-12b-it-Q5_K_M--nothi,no_think,coding,100.0,-,0,55.5,-,10657,131072,131072,131072,ok,45,tests 100.0%
rose,vulkan,gemma-4-12b-it-Q5_K_M--think,think,coding,100.0,-,0,53.9,-,10657,131072,131072,131072,ok,538,tests 100.0%
rose,vulkan,LFM2.5-8B-A1B-Q5_K_M,n/a,coding,72.2,-,0,249.8,-,7311,131072,131072,131072,ok,38,tests 90.9%
rose,vulkan,GLM-4.7-Flash-IQ4_XS--nothi,no_think,coding,100.0,-,0,64.3,-,20049,200000,200000,200000,ok,42,tests 100.0%
rose,vulkan,GLM-4.7-Flash-IQ4_XS--think,think,coding,88.9,-,1,57.3,-,20049,200000,200000,200000,ok,399,tests 96.1%
rose,vulkan,granite-4.0-h-tiny-Q5_K_M,n/a,coding,88.9,-,0,180.8,-,6047,128000,128000,128000,ok,13,tests 94.5%
rose,vulkan,nvidia_Nemotron-3-Nano-4B-Q8_0--nothi,no_think,coding,100.0,-,0,130.7,-,5707,128000,128000,128000,ok,44,tests 100.0%
rose,vulkan,nvidia_Nemotron-3-Nano-4B-Q8_0--think,think,coding,94.4,-,0,130.7,-,5707,128000,128000,128000,ok,40,tests 95.5%
rose,vulkan,Qwen3-Coder-30B-A3B-Instruct-UD-Q4_K_XL,n/a,coding_hard,0.0,-,0,81.8,-,20255,262144,262144,262144,ok,16,tests 75.0%
rose,vulkan,Qwen3-30B-A3B-Instruct-2507-UD-Q4_K_XL,n/a,coding_hard,100.0,-,0,87.7,-,20277,262144,262144,262144,ok,13,tests 100.0%
rose,vulkan,Qwen3-30B-A3B-Instruct-2507-IQ4_XS,n/a,coding_hard,100.0,-,0,112.7,-,20014,81920,81920,81920,ok,10,tests 100.0%
rose,vulkan,Qwen3-14B-Q5_K_M--nothi,no_think,coding_hard,0.0,-,0,54.6,-,13597,40960,40960,40960,ok,26,tests 58.3%
rose,vulkan,Qwen3-14B-Q5_K_M--think,think,coding_hard,100.0,-,0,50.2,-,13597,40960,40960,40960,ok,242,tests 100.0%
rose,vulkan,Qwen3.6-35B-A3B-UD-IQ4_XS--nothi,no_think,coding_hard,100.0,-,0,156.2,-,20067,262144,262144,262144,ok,9,tests 100.0%
rose,vulkan,Qwen3.6-35B-A3B-UD-IQ4_XS--think,think,coding_hard,0.0,-,1,121.9,-,20067,262144,262144,262144,ok,101,tests 0.0%
rose,vulkan,gemma-4-E4B-it-Q8_0--nothi,no_think,coding_hard,0.0,-,0,72.0,-,6910,128000,128000,128000,ok,21,tests 91.7%
rose,vulkan,gemma-4-E4B-it-Q8_0--think,think,coding_hard,100.0,-,0,66.5,-,6910,128000,128000,128000,ok,82,tests 100.0%
rose,vulkan,gemma-4-E4B-it-Q5_K_M--nothi,no_think,coding_hard,100.0,-,0,99.2,-,5518,128000,128000,128000,ok,20,tests 100.0%
rose,vulkan,gemma-4-E4B-it-Q5_K_M--think,think,coding_hard,0.0,-,0,98.5,-,5518,128000,128000,128000,ok,36,tests 91.7%
rose,vulkan,gemma-4-26B-A4B-it-UD-Q4_K_M--nothi,no_think,coding_hard,100.0,-,0,85.3,-,18718,128000,128000,128000,ok,12,tests 100.0%
rose,vulkan,gemma-4-26B-A4B-it-UD-Q4_K_M--think,think,coding_hard,100.0,-,0,78.4,-,18718,128000,128000,128000,ok,97,tests 100.0%
rose,vulkan,gemma-4-12b-it-Q5_K_M--nothi,no_think,coding_hard,100.0,-,0,53.7,-,10657,131072,131072,131072,ok,17,tests 100.0%
rose,vulkan,gemma-4-12b-it-Q5_K_M--think,think,coding_hard,100.0,-,0,51.7,-,10657,131072,131072,131072,ok,188,tests 100.0%
rose,vulkan,LFM2.5-8B-A1B-Q5_K_M,n/a,coding_hard,0.0,-,0,249.4,-,7311,131072,131072,131072,ok,21,tests 0.0%
rose,vulkan,GLM-4.7-Flash-IQ4_XS--nothi,no_think,coding_hard,0.0,-,0,87.6,-,20156,200000,200000,200000,ok,9,tests 50.0%
rose,vulkan,GLM-4.7-Flash-IQ4_XS--think,think,coding_hard,100.0,-,0,58.1,-,20156,200000,200000,200000,ok,90,tests 100.0%
rose,vulkan,granite-4.0-h-tiny-Q5_K_M,n/a,coding_hard,0.0,-,0,179.4,-,6047,128000,128000,128000,ok,8,tests 33.3%
rose,vulkan,nvidia_Nemotron-3-Nano-4B-Q8_0--nothi,no_think,coding_hard,0.0,-,0,129.7,-,5708,128000,128000,128000,ok,20,tests 25.0%
rose,vulkan,nvidia_Nemotron-3-Nano-4B-Q8_0--think,think,coding_hard,0.0,-,0,130.1,-,5708,128000,128000,128000,ok,9,tests 33.3%
rose,vulkan,Qwen3-Coder-30B-A3B-Instruct-UD-Q4_K_XL,n/a,e2e-2k,579.4,,,92.7,2470.8,20342,79872,,,ok,,e2e@2048 gen256 n=3
rose,vulkan,Qwen3-Coder-30B-A3B-Instruct-UD-Q4_K_XL,n/a,ttft-2k,711,,,,,20342,79872,,,ok,,prompt_ms@2048 n=3
rose,vulkan,Qwen3-Coder-30B-A3B-Instruct-UD-Q4_K_XL,n/a,e2e-8k,995.7,,,68.0,1882.4,20342,79872,,,ok,,e2e@8192 gen256 n=3
rose,vulkan,Qwen3-Coder-30B-A3B-Instruct-UD-Q4_K_XL,n/a,ttft-8k,3935,,,,,20342,79872,,,ok,,prompt_ms@8192 n=3
rose,vulkan,Qwen3-Coder-30B-A3B-Instruct-UD-Q4_K_XL,n/a,e2e-32k,682.7,,,35.3,809.8,20342,79872,,,ok,,e2e@32768 gen256 n=3
rose,vulkan,Qwen3-Coder-30B-A3B-Instruct-UD-Q4_K_XL,n/a,ttft-32k,36959,,,,,20342,79872,,,ok,,prompt_ms@32768 n=3
rose,vulkan,Qwen3-30B-A3B-Instruct-2507-UD-Q4_K_XL,n/a,e2e-2k,576.6,,,92.0,2477.0,20366,79872,,,ok,,e2e@2048 gen256 n=3
rose,vulkan,Qwen3-30B-A3B-Instruct-2507-UD-Q4_K_XL,n/a,ttft-2k,709,,,,,20366,79872,,,ok,,prompt_ms@2048 n=3
rose,vulkan,Qwen3-30B-A3B-Instruct-2507-UD-Q4_K_XL,n/a,e2e-8k,996.7,,,67.8,1893.4,20366,79872,,,ok,,e2e@8192 gen256 n=3
rose,vulkan,Qwen3-30B-A3B-Instruct-2507-UD-Q4_K_XL,n/a,ttft-8k,3912,,,,,20366,79872,,,ok,,prompt_ms@8192 n=3
rose,vulkan,Qwen3-30B-A3B-Instruct-2507-UD-Q4_K_XL,n/a,e2e-32k,684.4,,,35.2,812.7,20366,79872,,,ok,,e2e@32768 gen256 n=3
rose,vulkan,Qwen3-30B-A3B-Instruct-2507-UD-Q4_K_XL,n/a,ttft-32k,36825,,,,,20366,79872,,,ok,,prompt_ms@32768 n=3
rose,vulkan,Qwen3-30B-A3B-Instruct-2507-IQ4_XS,n/a,e2e-2k,616.6,,,101.0,2407.8,19354,69632,,,ok,,e2e@2048 gen256 n=3
rose,vulkan,Qwen3-30B-A3B-Instruct-2507-IQ4_XS,n/a,ttft-2k,729,,,,,19354,69632,,,ok,,prompt_ms@2048 n=3
rose,vulkan,Qwen3-30B-A3B-Instruct-2507-IQ4_XS,n/a,e2e-8k,1124.1,,,89.1,1878.5,19354,69632,,,ok,,e2e@8192 gen256 n=3
rose,vulkan,Qwen3-30B-A3B-Instruct-2507-IQ4_XS,n/a,ttft-8k,3943,,,,,19354,69632,,,ok,,prompt_ms@8192 n=3
rose,vulkan,Qwen3-30B-A3B-Instruct-2507-IQ4_XS,n/a,e2e-32k,789.3,,,69.6,865.9,19354,69632,,,ok,,e2e@32768 gen256 n=3
rose,vulkan,Qwen3-30B-A3B-Instruct-2507-IQ4_XS,n/a,ttft-32k,34564,,,,,19354,69632,,,ok,,prompt_ms@32768 n=3
rose,vulkan,Qwen3-14B-Q5_K_M,n/a,e2e-2k,337.3,,,57.9,1134.8,12709,30720,,,ok,,e2e@2048 gen256 n=3
rose,vulkan,Qwen3-14B-Q5_K_M,n/a,ttft-2k,1548,,,,,12709,30720,,,ok,,prompt_ms@2048 n=3
rose,vulkan,Qwen3-14B-Q5_K_M,n/a,e2e-8k,617.4,,,53.6,970.7,12709,30720,,,ok,,e2e@8192 gen256 n=3
rose,vulkan,Qwen3-14B-Q5_K_M,n/a,ttft-8k,7631,,,,,12709,30720,,,ok,,prompt_ms@8192 n=3
rose,vulkan,Qwen3.6-35B-A3B-UD-IQ4_XS,n/a,e2e-2k,994.0,,,188.9,2486.4,19880,75776,,,ok,,e2e@2048 gen256 n=3
rose,vulkan,Qwen3.6-35B-A3B-UD-IQ4_XS,n/a,ttft-2k,736,,,,,19880,75776,,,ok,,prompt_ms@2048 n=3
rose,vulkan,Qwen3.6-35B-A3B-UD-IQ4_XS,n/a,e2e-8k,1577.5,,,164.8,2217.1,19880,75776,,,ok,,e2e@8192 gen256 n=3
rose,vulkan,Qwen3.6-35B-A3B-UD-IQ4_XS,n/a,ttft-8k,3435,,,,,19880,75776,,,ok,,prompt_ms@8192 n=3
rose,vulkan,Qwen3.6-35B-A3B-UD-IQ4_XS,n/a,e2e-32k,991.1,,,109.2,1064.1,19880,75776,,,ok,,e2e@32768 gen256 n=3
rose,vulkan,Qwen3.6-35B-A3B-UD-IQ4_XS,n/a,ttft-32k,28842,,,,,19880,75776,,,ok,,prompt_ms@32768 n=3
rose,vulkan,gemma-4-E4B-it-Q8_0,n/a,e2e-2k,590.3,,,82.2,3272.6,7083,126976,,,ok,,e2e@2048 gen256 n=3
rose,vulkan,gemma-4-E4B-it-Q8_0,n/a,ttft-2k,592,,,,,7083,126976,,,ok,,prompt_ms@2048 n=3
rose,vulkan,gemma-4-E4B-it-Q8_0,n/a,e2e-8k,1419.6,,,78.1,3222.7,7083,126976,,,ok,,e2e@8192 gen256 n=3
rose,vulkan,gemma-4-E4B-it-Q8_0,n/a,ttft-8k,2440,,,,,7083,126976,,,ok,,prompt_ms@8192 n=3
rose,vulkan,gemma-4-E4B-it-Q8_0,n/a,e2e-32k,1910.9,,,69.0,2439.0,7083,126976,,,ok,,e2e@32768 gen256 n=3
rose,vulkan,gemma-4-E4B-it-Q8_0,n/a,ttft-32k,12933,,,,,7083,126976,,,ok,,prompt_ms@32768 n=3
rose,vulkan,gemma-4-E4B-it-Q5_K_M,n/a,e2e-2k,684.9,,,99.1,3164.0,5505,126976,,,ok,,e2e@2048 gen256 n=3
rose,vulkan,gemma-4-E4B-it-Q5_K_M,n/a,ttft-2k,612,,,,,5505,126976,,,ok,,prompt_ms@2048 n=3
rose,vulkan,gemma-4-E4B-it-Q5_K_M,n/a,e2e-8k,1537.0,,,92.9,3114.8,5505,126976,,,ok,,e2e@8192 gen256 n=3
rose,vulkan,gemma-4-E4B-it-Q5_K_M,n/a,ttft-8k,2524,,,,,5505,126976,,,ok,,prompt_ms@8192 n=3
rose,vulkan,gemma-4-E4B-it-Q5_K_M,n/a,e2e-32k,1928.3,,,80.4,2370.5,5505,126976,,,ok,,e2e@32768 gen256 n=3
rose,vulkan,gemma-4-E4B-it-Q5_K_M,n/a,ttft-32k,13307,,,,,5505,126976,,,ok,,prompt_ms@32768 n=3
rose,vulkan,gemma-4-26B-A4B-it-UD-Q4_K_M,n/a,e2e-2k,496.0,,,70.1,2543.3,17913,71680,,,ok,,e2e@2048 gen256 n=3
rose,vulkan,gemma-4-26B-A4B-it-UD-Q4_K_M,n/a,ttft-2k,758,,,,,17913,71680,,,ok,,prompt_ms@2048 n=3
rose,vulkan,gemma-4-26B-A4B-it-UD-Q4_K_M,n/a,e2e-8k,1123.0,,,63.7,2446.7,17913,71680,,,ok,,e2e@8192 gen256 n=3
rose,vulkan,gemma-4-26B-A4B-it-UD-Q4_K_M,n/a,ttft-8k,3213,,,,,17913,71680,,,ok,,prompt_ms@8192 n=3
rose,vulkan,gemma-4-26B-A4B-it-UD-Q4_K_M,n/a,e2e-32k,1394.1,,,56.3,1727.4,17913,71680,,,ok,,e2e@32768 gen256 n=3
rose,vulkan,gemma-4-26B-A4B-it-UD-Q4_K_M,n/a,ttft-32k,18261,,,,,17913,71680,,,ok,,prompt_ms@32768 n=3
rose,vulkan,gemma-4-12b-it-Q5_K_M,n/a,e2e-2k,342.1,,,53.1,1210.3,10532,120832,,,ok,,e2e@2048 gen256 n=3
rose,vulkan,gemma-4-12b-it-Q5_K_M,n/a,ttft-2k,1593,,,,,10532,120832,,,ok,,prompt_ms@2048 n=3
rose,vulkan,gemma-4-12b-it-Q5_K_M,n/a,e2e-8k,703.6,,,51.5,1198.1,10532,120832,,,ok,,e2e@8192 gen256 n=3
rose,vulkan,gemma-4-12b-it-Q5_K_M,n/a,ttft-8k,6562,,,,,10532,120832,,,ok,,prompt_ms@8192 n=3
rose,vulkan,gemma-4-12b-it-Q5_K_M,n/a,e2e-32k,819.9,,,48.8,940.5,10532,120832,,,ok,,e2e@32768 gen256 n=3
rose,vulkan,gemma-4-12b-it-Q5_K_M,n/a,ttft-32k,33540,,,,,10532,120832,,,ok,,prompt_ms@32768 n=3
rose,vulkan,LFM2.5-8B-A1B-Q5_K_M,n/a,e2e-2k,1650.9,,,272.0,6987.7,6355,36864,,,ok,,e2e@2048 gen256 n=3
rose,vulkan,LFM2.5-8B-A1B-Q5_K_M,n/a,ttft-2k,243,,,,,6355,36864,,,ok,,prompt_ms@2048 n=3
rose,vulkan,LFM2.5-8B-A1B-Q5_K_M,n/a,e2e-8k,3561.3,,,263.4,6779.9,6355,36864,,,ok,,e2e@8192 gen256 n=3
rose,vulkan,LFM2.5-8B-A1B-Q5_K_M,n/a,ttft-8k,995,,,,,6355,36864,,,ok,,prompt_ms@8192 n=3
rose,vulkan,LFM2.5-8B-A1B-Q5_K_M,n/a,e2e-32k,4538.9,,,235.4,5490.5,6355,36864,,,ok,,e2e@32768 gen256 n=3
rose,vulkan,LFM2.5-8B-A1B-Q5_K_M,n/a,ttft-32k,4916,,,,,6355,36864,,,ok,,prompt_ms@32768 n=3
rose,vulkan,GLM-4.7-Flash-IQ4_XS,n/a,e2e-2k,328.9,,,57.6,1458.7,17611,61440,,,ok,,e2e@2048 gen256 n=3
rose,vulkan,GLM-4.7-Flash-IQ4_XS,n/a,ttft-2k,1067,,,,,17611,61440,,,ok,,prompt_ms@2048 n=3
rose,vulkan,GLM-4.7-Flash-IQ4_XS,n/a,e2e-8k,472.4,,,37.3,881.1,17611,61440,,,ok,,e2e@8192 gen256 n=3
rose,vulkan,GLM-4.7-Flash-IQ4_XS,n/a,ttft-8k,7313,,,,,17611,61440,,,ok,,prompt_ms@8192 n=3
rose,vulkan,GLM-4.7-Flash-IQ4_XS,n/a,e2e-32k,284.1,,,15.1,345.0,17611,61440,,,ok,,e2e@32768 gen256 n=3
rose,vulkan,GLM-4.7-Flash-IQ4_XS,n/a,ttft-32k,75216,,,,,17611,61440,,,ok,,prompt_ms@32768 n=3
rose,vulkan,granite-4.0-h-tiny-Q5_K_M,n/a,e2e-2k,1051.7,,,178.7,5208.8,6039,126976,,,ok,,e2e@2048 gen256 n=3
rose,vulkan,granite-4.0-h-tiny-Q5_K_M,n/a,ttft-2k,301,,,,,6039,126976,,,ok,,prompt_ms@2048 n=3
rose,vulkan,granite-4.0-h-tiny-Q5_K_M,n/a,e2e-8k,2566.0,,,176.2,5555.7,6039,126976,,,ok,,e2e@8192 gen256 n=3
rose,vulkan,granite-4.0-h-tiny-Q5_K_M,n/a,ttft-8k,1162,,,,,6039,126976,,,ok,,prompt_ms@8192 n=3
rose,vulkan,granite-4.0-h-tiny-Q5_K_M,n/a,e2e-32k,4127.4,,,168.8,5369.1,6039,126976,,,ok,,e2e@32768 gen256 n=3
rose,vulkan,granite-4.0-h-tiny-Q5_K_M,n/a,ttft-32k,4835,,,,,6039,126976,,,ok,,prompt_ms@32768 n=3
rose,vulkan,nvidia_Nemotron-3-Nano-4B-Q8_0,n/a,e2e-2k,826.1,,,130.2,3434.5,4370,18432,,,ok,,e2e@2048 gen256 n=3
rose,vulkan,nvidia_Nemotron-3-Nano-4B-Q8_0,n/a,ttft-2k,525,,,,,4370,18432,,,ok,,prompt_ms@2048 n=3
rose,vulkan,nvidia_Nemotron-3-Nano-4B-Q8_0,n/a,e2e-8k,1898.9,,,127.9,3617.1,4370,18432,,,ok,,e2e@8192 gen256 n=3
rose,vulkan,nvidia_Nemotron-3-Nano-4B-Q8_0,n/a,ttft-8k,2064,,,,,4370,18432,,,ok,,prompt_ms@8192 n=3
